id,name,organization,email,photo,twitter,webpage,biography,role,linkedin
marco-comerio,Marco Comerio,CEFRIEL,marco.comerio@cefriel.com,comerio.jpg,comerioma,https://it.linkedin.com/in/marcocomerio,"",Senior Researcher,https://it.linkedin.com/in/marcocomerio
david-chaves-fraga,David Chaves Fraga,OEG - UPM,dchaves@fi.upm.es,dchavesf.jpg,dchavesf,http://dchaves.oeg-upm.net,"",PhD Student,http://linkedin.com/in/david-chaves-fraga
pieter-colpaert,Pieter Colpaert,imec - IDLab UGent,pieter.colpaert@ugent.be,pcolpaert.jpg,pietercolpaert,https://pietercolpaert.be/,"",Senior Researcher,http://be.linkedin.com/in/pcolpaert/
mersedeh-sadeghi,Mersedeh Sadeghi,POLIMI,mersedeh.sadeghi@polimi.it,mersedeh.jpg,,https://www.linkedin.com/in/mersedeh-sadeghi,"",Senior Researcher,https://www.linkedin.com/in/mersedeh-sadeghi
mario-scrocca,Mario Scrocca,CEFRIEL,mario.scrocca@cefriel.com,mario.jpg,mario_scrock,https://www.linkedin.com/in/marioscrocca/,"",Assistant Researcher,https://www.linkedin.com/in/marioscrocca/